nama_motor,tahun,kilometer,cc,kondisi,transmisi,harga_jual
Honda Beat,2021,18000,110,9,matic,16500
Yamaha NMAX,2020,25000,155,8,matic,24500
Honda Vario,2022,12000,125,9,matic,20500
Yamaha Aerox,2021,22000,155,8,matic,23500
Honda Scoopy,2020,30000,110,7,matic,15500
Yamaha Mio,2019,35000,125,7,matic,12500
Honda PCX,2022,10000,160,9,matic,29500
Yamaha Fazzio,2023,8000,125,10,matic,23500
Honda ADV,2021,20000,160,8,matic,27500
Yamaha Lexi,2020,28000,125,7,matic,16500
Honda Genio,2021,17000,110,8,matic,15500
Yamaha FreeGo,2019,32000,125,7,matic,14000
Honda Vario,2019,40000,125,6,matic,13500
Yamaha NMAX,2022,15000,155,9,matic,27500
Honda Beat,2020,26000,110,8,matic,15000
Yamaha Aerox,2019,38000,155,6,matic,18500
Honda Scoopy,2022,9000,110,10,matic,20500
Yamaha Mio,2021,21000,125,8,matic,14500
Honda PCX,2020,27000,160,7,matic,24500
Yamaha Fazzio,2022,11000,125,9,matic,22000
Honda ADV,2020,33000,160,7,matic,23500
Yamaha Lexi,2021,19000,125,8,matic,17500
Honda Genio,2020,29000,110,7,matic,14500
Yamaha FreeGo,2022,13000,125,9,matic,18000
Honda Beat,2023,5000,110,10,matic,18500
Yamaha NMAX,2019,42000,155,6,matic,20500
Honda Vario,2023,7000,125,10,matic,22500
Yamaha Aerox,2022,14000,155,9,matic,25500
Honda Scoopy,2021,16000,110,9,matic,18000
Honda PCX,2023,6000,160,10,matic,32000
